Count_cell_all,Count_cell_final,ImageNumber,ImageQuality_PowerLogLogSlope_nucleus,Intensity_MedianIntensity_PM_bgCorr_bgMask,Intensity_MedianIntensity_TOTAL_bgCorr_bgMask,Mean_cell_final_Intensity_IntegratedIntensity_PM_bgCorr,Mean_cell_final_Intensity_IntegratedIntensity_TOTAL_bgCorr,Mean_cell_final_Math_ratio,Mean_nucleus_final_AreaShape_Area,Mean_nucleus_final_AreaShape_Center_X,Mean_nucleus_final_AreaShape_Center_Y,Mean_nucleus_final_AreaShape_Compactness,Mean_nucleus_final_AreaShape_Eccentricity,Mean_nucleus_final_AreaShape_MaxFeretDiameter,Mean_nucleus_final_AreaShape_MaximumRadius,Mean_nucleus_final_AreaShape_MeanRadius,Mean_nucleus_final_AreaShape_MedianRadius,Mean_nucleus_final_AreaShape_MinorAxisLength,Mean_nucleus_final_AreaShape_Orientation,Mean_nucleus_final_AreaShape_Perimeter,Mean_nucleus_final_AreaShape_Solidity,Median_cell_final_Intensity_IntegratedIntensity_PM_bgCorr,Median_cell_final_Intensity_IntegratedIntensity_TOTAL_bgCorr,Median_cell_final_Math_ratio,Metadata_gene,Metadata_imageBaseName,Metadata_pathBase,Metadata_plateName,Metadata_platePath,Metadata_plateRepl,Metadata_posNum,Metadata_posPath,Metadata_siRNA,Metadata_wellNum,Metadata_wellPath,FileName_PM,FileName_TOTAL,FileName_nucleus,PathName_PM,PathName_TOTAL,PathName_nucleus,Treatment
73,7,1,-1.683539204,0.000204395,0.000244991,16.35971615,12.77632911,1.307384043,1253.571429,694,561,1.032132229,0.514906235,43.51280655,17.707964,6.572057555,5.867513221,36.47296943,-43.33701245,135.6162857,0.949752271,14.65836564,10.46788775,1.394209989,INCENP,myplate_01--INCENP--404--W001--P01,C:\tutorial,myplate,myplate_01,1,1,P01--INCENP--404,404,1,W001--INCENP--404,myplate_01--INCENP--404--W001--P01--PM.jpg,myplate_01--INCENP--404--W001--P01--TOTAL.jpg,myplate_01--INCENP--404--W001--P01--DNA.jpg,C:\tutorial\myplate_01\W001--INCENP--404\P01--INCENP--404,C:\tutorial\myplate_01\W001--INCENP--404\P01--INCENP--404,C:\tutorial\myplate_01\W001--INCENP--404\P01--INCENP--404,INCENP_404
41,12,2,-1.782585006,0.000601129,0.000275509,16.76369724,29.82000223,0.945693879,1368.833333,695.4166667,485,1.042932425,0.556499565,46.31401948,17.87198204,6.72775579,5.997194463,36.93679745,-1.712516113,140.347,0.956955661,15.43987915,19.22478835,1.045597785,PIK3CA,myplate_01--PIK3CA--255--W002--P01,C:\tutorial,myplate,myplate_01,1,1,P01--PIK3CA--255,255,2,W002--PIK3CA--255,myplate_01--PIK3CA--255--W002--P01--PM.jpg,myplate_01--PIK3CA--255--W002--P01--TOTAL.jpg,myplate_01--PIK3CA--255--W002--P01--DNA.jpg,C:\tutorial\myplate_01\W002--PIK3CA--255\P01--PIK3CA--255,C:\tutorial\myplate_01\W002--PIK3CA--255\P01--PIK3CA--255,C:\tutorial\myplate_01\W002--PIK3CA--255\P01--PIK3CA--255,PIK3CA_255
82,31,3,-1.76097378,0.000448539,0.00026025,14.32267119,17.44380387,1.091804129,1256.806452,619.7419355,491.516129,1.033856344,0.557407217,43.90248408,17.59382282,6.622934848,5.88189881,35.86924375,-10.64806576,133.9693548,0.959786502,13.65716019,12.35286495,1.057588914,EPS8,myplate_01--EPS8--193--W003--P01,C:\tutorial,myplate,myplate_01,1,1,P01--EPS8--193,193,3,W003--EPS8--193,myplate_01--EPS8--193--W003--P01--PM.jpg,myplate_01--EPS8--193--W003--P01--TOTAL.jpg,myplate_01--EPS8--193--W003--P01--DNA.jpg,C:\tutorial\myplate_01\W003--EPS8--193\P01--EPS8--193,C:\tutorial\myplate_01\W003--EPS8--193\P01--EPS8--193,C:\tutorial\myplate_01\W003--EPS8--193\P01--EPS8--193,EPS8_193
62,18,4,-1.793396489,0.000601129,0.00026025,15.07338881,15.78305839,1.222484557,1177.722222,645.2777778,441.4444444,1.037665527,0.528430447,43.04892907,17.17403297,6.433192367,5.709664499,35.08658196,-6.049538268,130.9661111,0.955292973,13.14376236,10.87188543,1.248866515,PLCG2,myplate_01--PLCG2--515--W004--P01,C:\tutorial,myplate,myplate_01,1,1,P01--PLCG2--515,515,4,W004--PLCG2--515,myplate_01--PLCG2--515--W004--P01--PM.jpg,myplate_01--PLCG2--515--W004--P01--TOTAL.jpg,myplate_01--PLCG2--515--W004--P01--DNA.jpg,C:\tutorial\myplate_01\W004--PLCG2--515\P01--PLCG2--515,C:\tutorial\myplate_01\W004--PLCG2--515\P01--PLCG2--515,C:\tutorial\myplate_01\W004--PLCG2--515\P01--PLCG2--515,PLCG2_515
71,32,5,-1.720671343,0.001043641,0.000244991,15.32275518,17.59476106,1.03932825,1229.1875,498.5625,391.4375,1.044940062,0.569665367,43.72566458,17.11865992,6.481614645,5.772441384,35.44235736,-6.947503248,133.3735625,0.95747811,15.28383257,15.27468549,1.130871249,RAD52,myplate_01--RAD52--519--W005--P01,C:\tutorial,myplate,myplate_01,1,1,P01--RAD52--519,519,5,W005--RAD52--519,myplate_01--RAD52--519--W005--P01--PM.jpg,myplate_01--RAD52--519--W005--P01--TOTAL.jpg,myplate_01--RAD52--519--W005--P01--DNA.jpg,C:\tutorial\myplate_01\W005--RAD52--519\P01--RAD52--519,C:\tutorial\myplate_01\W005--RAD52--519\P01--RAD52--519,C:\tutorial\myplate_01\W005--RAD52--519\P01--RAD52--519,RAD52_519
65,27,6,-1.733415699,0.000631647,0.000244991,14.32536928,20.73357144,1.003982924,1229.962963,528.1111111,515.3333333,1.040062967,0.541434662,43.82127178,17.2733791,6.475634061,5.776576176,35.40726455,17.70764895,132.7766667,0.959932558,13.87846173,13.59589548,1.217379762,SNCG,myplate_01--SNCG--880--W006--P01,C:\tutorial,myplate,myplate_01,1,1,P01--SNCG--880,880,6,W006--SNCG--880,myplate_01--SNCG--880--W006--P01--PM.jpg,myplate_01--SNCG--880--W006--P01--TOTAL.jpg,myplate_01--SNCG--880--W006--P01--DNA.jpg,C:\tutorial\myplate_01\W006--SNCG--880\P01--SNCG--880,C:\tutorial\myplate_01\W006--SNCG--880\P01--SNCG--880,C:\tutorial\myplate_01\W006--SNCG--880\P01--SNCG--880,SNCG_880
61,17,7,-1.767562254,0.000570611,0.00026025,17.72109476,25.58389653,1.025668718,1532.823529,503.7058824,463,1.046841295,0.579124321,49.37393485,18.53850508,7.058252305,6.302398239,38.927654,2.219698637,150.6017647,0.957194856,15.22767993,15.78123129,0.989385626,CREBBP,myplate_01--CREBBP--952--W007--P01,C:\tutorial,myplate,myplate_01,1,1,P01--CREBBP--952,952,7,W007--CREBBP--952,myplate_01--CREBBP--952--W007--P01--PM.jpg,myplate_01--CREBBP--952--W007--P01--TOTAL.jpg,myplate_01--CREBBP--952--W007--P01--DNA.jpg,C:\tutorial\myplate_01\W007--CREBBP--952\P01--CREBBP--952,C:\tutorial\myplate_01\W007--CREBBP--952\P01--CREBBP--952,C:\tutorial\myplate_01\W007--CREBBP--952\P01--CREBBP--952,CREBBP_952
89,43,8,-1.724907502,0.000616388,0.00026025,14.32206005,21.74177026,0.903286376,1234.465116,634.9767442,400.8837209,1.033577382,0.547777138,43.66528945,17.35176466,6.541402549,5.846959894,35.50749552,-1.89013819,132.7993953,0.95897734,14.45772446,16.84609761,0.896524929,CTGF,myplate_01--CTGF--886--W008--P01,C:\tutorial,myplate,myplate_01,1,1,P01--CTGF--886,886,8,W008--CTGF--886,myplate_01--CTGF--886--W008--P01--PM.jpg,myplate_01--CTGF--886--W008--P01--TOTAL.jpg,myplate_01--CTGF--886--W008--P01--DNA.jpg,C:\tutorial\myplate_01\W008--CTGF--886\P01--CTGF--886,C:\tutorial\myplate_01\W008--CTGF--886\P01--CTGF--886,C:\tutorial\myplate_01\W008--CTGF--886\P01--CTGF--886,CTGF_886
74,22,9,-1.772883109,0.000524834,0.000306027,15.46630613,22.10199964,0.976743723,1427.772727,638.8636364,668.6363636,1.027555334,0.550692069,46.51849943,18.88637449,7.033769566,6.26484351,38.20409382,6.875083924,141.9341818,0.962856126,12.8473871,19.07909559,0.938775389,COPB1,myplate_01--COPB1--736--W009--P01,C:\tutorial,myplate,myplate_01,1,1,P01--COPB1--736,736,9,W009--COPB1--736,myplate_01--COPB1--736--W009--P01--PM.jpg,myplate_01--COPB1--736--W009--P01--TOTAL.jpg,myplate_01--COPB1--736--W009--P01--DNA.jpg,C:\tutorial\myplate_01\W009--COPB1--736\P01--COPB1--736,C:\tutorial\myplate_01\W009--COPB1--736\P01--COPB1--736,C:\tutorial\myplate_01\W009--COPB1--736\P01--COPB1--736,COPB1_736
100,45,10,-1.929171869,0.000402762,0.000244991,14.36927517,25.9106274,0.824847648,1463.133333,679.9555556,516.8,1.031767909,0.535923035,47.35337367,19.07340774,7.108907917,6.30711914,38.93730159,5.72814875,144.9268444,0.959978337,13.92666515,17.02050811,0.772114498,BLM,myplate_01--BLM--489--W010--P01,C:\tutorial,myplate,myplate_01,1,1,P01--BLM--489,489,10,W010--BLM--489,myplate_01--BLM--489--W010--P01--PM.jpg,myplate_01--BLM--489--W010--P01--TOTAL.jpg,myplate_01--BLM--489--W010--P01--DNA.jpg,C:\tutorial\myplate_01\W010--BLM--489\P01--BLM--489,C:\tutorial\myplate_01\W010--BLM--489\P01--BLM--489,C:\tutorial\myplate_01\W010--BLM--489\P01--BLM--489,BLM_489
123,55,11,-1.719212998,0.000448539,0.000229732,15.7353667,21.44325973,0.942265734,1420.963636,566.7454545,567.0545455,1.032164951,0.536413159,46.37118676,18.52816693,6.944112095,6.184717868,38.26073977,4.331378198,142.3726909,0.959757044,14.49480461,16.98933431,0.935762903,MAPK14,myplate_01--MAPK14--423--W011--P01,C:\tutorial,myplate,myplate_01,1,1,P01--MAPK14--423,423,11,W011--MAPK14--423,myplate_01--MAPK14--423--W011--P01--PM.jpg,myplate_01--MAPK14--423--W011--P01--TOTAL.jpg,myplate_01--MAPK14--423--W011--P01--DNA.jpg,C:\tutorial\myplate_01\W011--MAPK14--423\P01--MAPK14--423,C:\tutorial\myplate_01\W011--MAPK14--423\P01--MAPK14--423,C:\tutorial\myplate_01\W011--MAPK14--423\P01--MAPK14--423,MAPK14_423
136,53,12,-1.756299607,0.000418021,0.00026025,12.65651943,22.49714425,0.810731569,1242.471698,633.7924528,542.8490566,1.032087528,0.532227666,43.45774718,17.48195257,6.572786917,5.833175089,35.91907834,-2.462215281,133.0846792,0.960176936,11.09596441,16.49808517,0.797395285,POLA1,myplate_01--POLA1--992--W012--P01,C:\tutorial,myplate,myplate_01,1,1,P01--POLA1--992,992,12,W012--POLA1--992,myplate_01--POLA1--992--W012--P01--PM.jpg,myplate_01--POLA1--992--W012--P01--TOTAL.jpg,myplate_01--POLA1--992--W012--P01--DNA.jpg,C:\tutorial\myplate_01\W012--POLA1--992\P01--POLA1--992,C:\tutorial\myplate_01\W012--POLA1--992\P01--POLA1--992,C:\tutorial\myplate_01\W012--POLA1--992\P01--POLA1--992,POLA1_992
75,31,13,-1.757565153,0.000555352,0.000275509,14.70268001,28.76778292,0.82490357,1423.967742,625.9032258,444.4193548,1.035011201,0.520944519,46.96537014,18.66482051,6.940484849,6.165155962,38.55845952,1.896719384,145.2748387,0.953853527,13.32809947,22.27928578,0.716748983,CDK1,myplate_01--CDK1--614--W013--P01,C:\tutorial,myplate,myplate_01,1,1,P01--CDK1--614,614,13,W013--CDK1--614,myplate_01--CDK1--614--W013--P01--PM.jpg,myplate_01--CDK1--614--W013--P01--TOTAL.jpg,myplate_01--CDK1--614--W013--P01--DNA.jpg,C:\tutorial\myplate_01\W013--CDK1--614\P01--CDK1--614,C:\tutorial\myplate_01\W013--CDK1--614\P01--CDK1--614,C:\tutorial\myplate_01\W013--CDK1--614\P01--CDK1--614,CDK1_614
111,41,14,-1.846139334,0.000463798,0.000290768,14.6610554,24.96846052,0.872006846,1232.414634,607.1707317,490.6097561,1.041905793,0.581212212,44.44794213,17.20725714,6.52100946,5.787761014,35.12713769,5.064917299,133.8480488,0.957264819,13.37529587,18.46140245,0.76422947,NFKB2,myplate_01--NFKB2--720--W014--P01,C:\tutorial,myplate,myplate_01,1,1,P01--NFKB2--720,720,14,W014--NFKB2--720,myplate_01--NFKB2--720--W014--P01--PM.jpg,myplate_01--NFKB2--720--W014--P01--TOTAL.jpg,myplate_01--NFKB2--720--W014--P01--DNA.jpg,C:\tutorial\myplate_01\W014--NFKB2--720\P01--NFKB2--720,C:\tutorial\myplate_01\W014--NFKB2--720\P01--NFKB2--720,C:\tutorial\myplate_01\W014--NFKB2--720\P01--NFKB2--720,NFKB2_720
110,47,15,-1.826310935,0.000463798,0.00026025,15.67505033,20.69782345,0.962783895,1504.723404,799.106383,458.1914894,1.040300101,0.583462728,48.80276926,19.097419,7.168089878,6.374033174,38.71228464,-8.185352295,146.7912766,0.962095863,13.05131602,15.7057605,1.075000809,IL2RG,myplate_01--IL2RG--928--W015--P01,C:\tutorial,myplate,myplate_01,1,1,P01--IL2RG--928,928,15,W015--IL2RG--928,myplate_01--IL2RG--928--W015--P01--PM.jpg,myplate_01--IL2RG--928--W015--P01--TOTAL.jpg,myplate_01--IL2RG--928--W015--P01--DNA.jpg,C:\tutorial\myplate_01\W015--IL2RG--928\P01--IL2RG--928,C:\tutorial\myplate_01\W015--IL2RG--928\P01--IL2RG--928,C:\tutorial\myplate_01\W015--IL2RG--928\P01--IL2RG--928,IL2RG_928
104,48,16,-1.789940488,0.000540093,0.000244991,18.22499985,19.80200544,1.183178709,1340.645833,569.9375,521.4583333,1.044751944,0.59724798,46.32399278,17.77062781,6.751248114,6.018788749,36.34898131,-2.271890899,139.2320833,0.959775713,16.46319551,13.9412453,1.164992385,IL6,myplate_01--IL6--244--W016--P01,C:\tutorial,myplate,myplate_01,1,1,P01--IL6--244,244,16,W016--IL6--244,myplate_01--IL6--244--W016--P01--PM.jpg,myplate_01--IL6--244--W016--P01--TOTAL.jpg,myplate_01--IL6--244--W016--P01--DNA.jpg,C:\tutorial\myplate_01\W016--IL6--244\P01--IL6--244,C:\tutorial\myplate_01\W016--IL6--244\P01--IL6--244,C:\tutorial\myplate_01\W016--IL6--244\P01--IL6--244,IL6_244
81,48,17,-1.773650958,0.000799496,0.000229732,14.31497684,23.11459531,0.903612648,1454.1875,569.9583333,503.1041667,1.038353321,0.552706446,47.52705794,18.91127585,7.076720339,6.270190164,38.71233108,-7.420476564,144.4390833,0.960405184,13.53707163,17.56480559,0.883065711,PON1,myplate_01--PON1--343--W017--P01,C:\tutorial,myplate,myplate_01,1,1,P01--PON1--343,343,17,W017--PON1--343,myplate_01--PON1--343--W017--P01--PM.jpg,myplate_01--PON1--343--W017--P01--TOTAL.jpg,myplate_01--PON1--343--W017--P01--DNA.jpg,C:\tutorial\myplate_01\W017--PON1--343\P01--PON1--343,C:\tutorial\myplate_01\W017--PON1--343\P01--PON1--343,C:\tutorial\myplate_01\W017--PON1--343\P01--PON1--343,PON1_343
134,58,18,-1.840831821,0.000692683,0.000199214,12.36089957,16.70539527,0.914065754,1328.017241,543.5172414,372.3103448,1.030704248,0.521258646,44.94394159,18.05492892,6.770638874,6.011140474,37.14829232,2.44191406,137.9151034,0.958583029,12.061799,14.02103479,0.96705599,ECI2,myplate_01--ECI2--153--W018--P01,C:\tutorial,myplate,myplate_01,1,1,P01--ECI2--153,153,18,W018--ECI2--153,myplate_01--ECI2--153--W018--P01--PM.jpg,myplate_01--ECI2--153--W018--P01--TOTAL.jpg,myplate_01--ECI2--153--W018--P01--DNA.jpg,C:\tutorial\myplate_01\W018--ECI2--153\P01--ECI2--153,C:\tutorial\myplate_01\W018--ECI2--153\P01--ECI2--153,C:\tutorial\myplate_01\W018--ECI2--153\P01--ECI2--153,ECI2_153
117,46,19,-1.71953675,0.000387503,0.00026025,16.23726319,18.32901547,1.10084087,1327.804348,600.1521739,486.5869565,1.034271253,0.538301994,45.08759131,18.13154609,6.787250227,6.037197707,37.15141918,-8.841381528,137.8464783,0.960685738,15.80191497,13.25580231,1.212722993,NR3C1,myplate_01--NR3C1--211--W019--P01,C:\tutorial,myplate,myplate_01,1,1,P01--NR3C1--211,211,19,W019--NR3C1--211,myplate_01--NR3C1--211--W019--P01--PM.jpg,myplate_01--NR3C1--211--W019--P01--TOTAL.jpg,myplate_01--NR3C1--211--W019--P01--DNA.jpg,C:\tutorial\myplate_01\W019--NR3C1--211\P01--NR3C1--211,C:\tutorial\myplate_01\W019--NR3C1--211\P01--NR3C1--211,C:\tutorial\myplate_01\W019--NR3C1--211\P01--NR3C1--211,NR3C1_211
160,58,20,-1.759814777,0.000601129,0.000229732,13.13998995,20.29740079,0.834410255,1364.775862,847.3965517,522.4482759,1.034756884,0.538031628,45.71494628,18.24992151,6.834233862,6.081189246,37.35522585,-6.3982234,139.5127241,0.959499589,12.50117475,14.82587209,0.828680532,INCENP,myplate_01--INCENP--404--W020--P01,C:\tutorial,myplate,myplate_01,1,1,P01--INCENP--404,404,20,W020--INCENP--404,myplate_01--INCENP--404--W020--P01--PM.jpg,myplate_01--INCENP--404--W020--P01--TOTAL.jpg,myplate_01--INCENP--404--W020--P01--DNA.jpg,C:\tutorial\myplate_01\W020--INCENP--404\P01--INCENP--404,C:\tutorial\myplate_01\W020--INCENP--404\P01--INCENP--404,C:\tutorial\myplate_01\W020--INCENP--404\P01--INCENP--404,INCENP_404
152,55,21,-1.798562571,0.000356985,0.00026025,16.00396767,20.74666208,0.941238679,1462.854545,696.7454545,477.3090909,1.030181131,0.534282285,47.18375855,18.97045808,7.07632785,6.284085213,39.02243443,-9.045638068,144.7290182,0.958686063,12.63309623,14.72698582,0.935327178,NUDT1,myplate_01--NUDT1--103--W021--P01,C:\tutorial,myplate,myplate_01,1,1,P01--NUDT1--103,103,21,W021--NUDT1--103,myplate_01--NUDT1--103--W021--P01--PM.jpg,myplate_01--NUDT1--103--W021--P01--TOTAL.jpg,myplate_01--NUDT1--103--W021--P01--DNA.jpg,C:\tutorial\myplate_01\W021--NUDT1--103\P01--NUDT1--103,C:\tutorial\myplate_01\W021--NUDT1--103\P01--NUDT1--103,C:\tutorial\myplate_01\W021--NUDT1--103\P01--NUDT1--103,NUDT1_103
171,64,22,-1.784570315,0.000265431,0.000168696,12.41715521,21.36904727,0.855133685,1347.71875,584.328125,511.6875,1.026902531,0.50753601,44.88126516,18.50420281,6.892895052,6.104349294,37.86342593,-2.110134704,138.1167813,0.96196496,12.11483194,14.89848946,0.801801059,FGFR1,myplate_01--FGFR1--324--W022--P01,C:\tutorial,myplate,myplate_01,1,1,P01--FGFR1--324,324,22,W022--FGFR1--324,myplate_01--FGFR1--324--W022--P01--PM.jpg,myplate_01--FGFR1--324--W022--P01--TOTAL.jpg,myplate_01--FGFR1--324--W022--P01--DNA.jpg,C:\tutorial\myplate_01\W022--FGFR1--324\P01--FGFR1--324,C:\tutorial\myplate_01\W022--FGFR1--324\P01--FGFR1--324,C:\tutorial\myplate_01\W022--FGFR1--324\P01--FGFR1--324,FGFR1_324
166,64,23,-1.782228561,0.000295949,0.000244991,11.51292209,21.98385399,0.82731571,1369.328125,665.40625,525.84375,1.031400687,0.519403867,45.44739259,18.43879318,6.851623727,6.079587668,37.82272726,-2.83602285,140.6331875,0.956287323,10.00992633,15.02195047,0.7595667,COPB2,myplate_01--COPB2--803--W023--P01,C:\tutorial,myplate,myplate_01,1,1,P01--COPB2--803,803,23,W023--COPB2--803,myplate_01--COPB2--803--W023--P01--PM.jpg,myplate_01--COPB2--803--W023--P01--TOTAL.jpg,myplate_01--COPB2--803--W023--P01--DNA.jpg,C:\tutorial\myplate_01\W023--COPB2--803\P01--COPB2--803,C:\tutorial\myplate_01\W023--COPB2--803\P01--COPB2--803,C:\tutorial\myplate_01\W023--COPB2--803\P01--COPB2--803,COPB2_803
155,53,24,-1.791401527,0.000311208,0.000214473,12.09763276,19.46047131,0.817095012,1267.150943,623.245283,468.5283019,1.029148618,0.514783994,43.7441805,17.86472823,6.636573056,5.889965413,36.6368302,8.593181301,134.520566,0.9582119,11.34990456,15.51920341,0.779554905,GTF2H2,myplate_01--GTF2H2--697--W024--P01,C:\tutorial,myplate,myplate_01,1,1,P01--GTF2H2--697,697,24,W024--GTF2H2--697,myplate_01--GTF2H2--697--W024--P01--PM.jpg,myplate_01--GTF2H2--697--W024--P01--TOTAL.jpg,myplate_01--GTF2H2--697--W024--P01--DNA.jpg,C:\tutorial\myplate_01\W024--GTF2H2--697\P01--GTF2H2--697,C:\tutorial\myplate_01\W024--GTF2H2--697\P01--GTF2H2--697,C:\tutorial\myplate_01\W024--GTF2H2--697\P01--GTF2H2--697,GTF2H2_697
149,65,25,-1.823043216,0.000387503,0.000290768,15.0507612,20.50591135,0.998284094,1351.169231,579.6,463,1.034906817,0.543034175,45.64399932,18.10669958,6.802713406,6.036347026,37.30210132,-0.042532393,139.3716923,0.957826733,12.92338423,13.20688187,1.010972695,AKT1,myplate_01--AKT1--620--W025--P01,C:\tutorial,myplate,myplate_01,1,1,P01--AKT1--620,620,25,W025--AKT1--620,myplate_01--AKT1--620--W025--P01--PM.jpg,myplate_01--AKT1--620--W025--P01--TOTAL.jpg,myplate_01--AKT1--620--W025--P01--DNA.jpg,C:\tutorial\myplate_01\W025--AKT1--620\P01--AKT1--620,C:\tutorial\myplate_01\W025--AKT1--620\P01--AKT1--620,C:\tutorial\myplate_01\W025--AKT1--620\P01--AKT1--620,AKT1_620
145,63,26,-1.786980531,0.000402762,0.000275509,12.45635625,21.43961198,0.827948052,1340.984127,681.7619048,469.2857143,1.026281396,0.51223332,44.57606987,18.33519718,6.833056402,6.078796929,37.65014586,1.187979079,137.7764127,0.95962298,11.44531939,12.19502544,0.858561189,HSPA1A,myplate_01--HSPA1A--300--W026--P01,C:\tutorial,myplate,myplate_01,1,1,P01--HSPA1A--300,300,26,W026--HSPA1A--300,myplate_01--HSPA1A--300--W026--P01--PM.jpg,myplate_01--HSPA1A--300--W026--P01--TOTAL.jpg,myplate_01--HSPA1A--300--W026--P01--DNA.jpg,C:\tutorial\myplate_01\W026--HSPA1A--300\P01--HSPA1A--300,C:\tutorial\myplate_01\W026--HSPA1A--300\P01--HSPA1A--300,C:\tutorial\myplate_01\W026--HSPA1A--300\P01--HSPA1A--300,HSPA1A_300
153,60,27,-1.764463574,0.000143358,0.000138178,13.06994227,20.58754751,0.840368221,1358.1,554.0333333,506.95,1.032439433,0.538715783,45.35025221,18.04055915,6.783479337,6.041290249,37.26651867,-2.569123132,139.1013333,0.956588547,11.5294807,16.05842673,0.814074174,CXCR4,myplate_01--CXCR4--247--W027--P01,C:\tutorial,myplate,myplate_01,1,1,P01--CXCR4--247,247,27,W027--CXCR4--247,myplate_01--CXCR4--247--W027--P01--PM.jpg,myplate_01--CXCR4--247--W027--P01--TOTAL.jpg,myplate_01--CXCR4--247--W027--P01--DNA.jpg,C:\tutorial\myplate_01\W027--CXCR4--247\P01--CXCR4--247,C:\tutorial\myplate_01\W027--CXCR4--247\P01--CXCR4--247,C:\tutorial\myplate_01\W027--CXCR4--247\P01--CXCR4--247,CXCR4_247
142,54,28,-1.809121961,0.000250172,0.000214473,9.846582753,25.19164779,0.590158938,1402.851852,660.6111111,438.0555556,1.032268338,0.53074547,46.05929765,18.48019661,6.924185191,6.167666096,38.08780099,-1.066444735,141.4971852,0.958069998,7.190989832,16.8707791,0.555350284,TAF1,myplate_01--TAF1--689--W028--P01,C:\tutorial,myplate,myplate_01,1,1,P01--TAF1--689,689,28,W028--TAF1--689,myplate_01--TAF1--689--W028--P01--PM.jpg,myplate_01--TAF1--689--W028--P01--TOTAL.jpg,myplate_01--TAF1--689--W028--P01--DNA.jpg,C:\tutorial\myplate_01\W028--TAF1--689\P01--TAF1--689,C:\tutorial\myplate_01\W028--TAF1--689\P01--TAF1--689,C:\tutorial\myplate_01\W028--TAF1--689\P01--TAF1--689,TAF1_689
145,69,29,-1.832925269,0.000234913,0.000199214,9.522815321,19.89250387,0.664308875,1404.57971,586.7971014,450.4202899,1.02944257,0.518698733,46.17679843,18.8131115,7.020606492,6.246778313,38.42236564,1.307022711,141.4691014,0.961871124,9.204409636,14.7487757,0.631383416,BRCA2,myplate_01--BRCA2--562--W029--P01,C:\tutorial,myplate,myplate_01,1,1,P01--BRCA2--562,562,29,W029--BRCA2--562,myplate_01--BRCA2--562--W029--P01--PM.jpg,myplate_01--BRCA2--562--W029--P01--TOTAL.jpg,myplate_01--BRCA2--562--W029--P01--DNA.jpg,C:\tutorial\myplate_01\W029--BRCA2--562\P01--BRCA2--562,C:\tutorial\myplate_01\W029--BRCA2--562\P01--BRCA2--562,C:\tutorial\myplate_01\W029--BRCA2--562\P01--BRCA2--562,BRCA2_562
174,63,30,-1.764944205,0.000234913,0.000214473,11.06159152,22.85582343,0.660490296,1308.380952,713.3333333,515.8412698,1.037588519,0.545997907,44.89841377,17.74814509,6.68244879,5.934393848,36.70120795,8.155453856,138.3155873,0.957656217,9.798672387,15.3022509,0.67626586,STAT5A,myplate_01--STAT5A--609--W030--P01,C:\tutorial,myplate,myplate_01,1,1,P01--STAT5A--609,609,30,W030--STAT5A--609,myplate_01--STAT5A--609--W030--P01--PM.jpg,myplate_01--STAT5A--609--W030--P01--TOTAL.jpg,myplate_01--STAT5A--609--W030--P01--DNA.jpg,C:\tutorial\myplate_01\W030--STAT5A--609\P01--STAT5A--609,C:\tutorial\myplate_01\W030--STAT5A--609\P01--STAT5A--609,C:\tutorial\myplate_01\W030--STAT5A--609\P01--STAT5A--609,STAT5A_609
225,92,31,-1.725700619,0.000265431,0.000229732,9.633591988,18.51012154,0.706878051,1349.021739,643.5434783,448.9673913,1.03480213,0.532616433,45.43064305,18.16352201,6.80637902,6.05992691,37.3127615,0.773582598,138.9987826,0.959538597,9.198954846,13.24118441,0.735707639,BRCA1,myplate_01--BRCA1--114--W031--P01,C:\tutorial,myplate,myplate_01,1,1,P01--BRCA1--114,114,31,W031--BRCA1--114,myplate_01--BRCA1--114--W031--P01--PM.jpg,myplate_01--BRCA1--114--W031--P01--TOTAL.jpg,myplate_01--BRCA1--114--W031--P01--DNA.jpg,C:\tutorial\myplate_01\W031--BRCA1--114\P01--BRCA1--114,C:\tutorial\myplate_01\W031--BRCA1--114\P01--BRCA1--114,C:\tutorial\myplate_01\W031--BRCA1--114\P01--BRCA1--114,BRCA1_114
184,85,32,-1.800020614,0.00028069,0.000214473,11.07391913,21.02683569,0.759215258,1264.976471,718.9647059,390.3764706,1.036615351,0.548416216,44.22088669,17.56973514,6.605402189,5.892706411,35.99958089,1.943504099,134.7098118,0.958408697,10.84583817,14.40517294,0.778947585,PIK3CB,myplate_01--PIK3CB--422--W032--P01,C:\tutorial,myplate,myplate_01,1,1,P01--PIK3CB--422,422,32,W032--PIK3CB--422,myplate_01--PIK3CB--422--W032--P01--PM.jpg,myplate_01--PIK3CB--422--W032--P01--TOTAL.jpg,myplate_01--PIK3CB--422--W032--P01--DNA.jpg,C:\tutorial\myplate_01\W032--PIK3CB--422\P01--PIK3CB--422,C:\tutorial\myplate_01\W032--PIK3CB--422\P01--PIK3CB--422,C:\tutorial\myplate_01\W032--PIK3CB--422\P01--PIK3CB--422,PIK3CB_422
114,42,33,-1.820894242,0.000204395,0.000168696,13.76020662,21.20481128,0.885129017,1236.047619,477.5714286,432.1190476,1.035609345,0.550689225,43.61708009,17.4104352,6.544808797,5.804191061,35.79352637,-11.99528546,133.3132857,0.955521462,12.5983672,14.74679184,0.909067269,C1QA,myplate_01--C1QA--372--W033--P01,C:\tutorial,myplate,myplate_01,1,1,P01--C1QA--372,372,33,W033--C1QA--372,myplate_01--C1QA--372--W033--P01--PM.jpg,myplate_01--C1QA--372--W033--P01--TOTAL.jpg,myplate_01--C1QA--372--W033--P01--DNA.jpg,C:\tutorial\myplate_01\W033--C1QA--372\P01--C1QA--372,C:\tutorial\myplate_01\W033--C1QA--372\P01--C1QA--372,C:\tutorial\myplate_01\W033--C1QA--372\P01--C1QA--372,C1QA_372
161,61,34,-1.810813213,0.000265431,0.000229732,11.98498366,20.439546,0.834990438,1298.57377,810.6393443,488.2131148,1.03395102,0.534804534,44.55268162,17.82816311,6.70231402,5.953278769,36.72600979,-2.202736827,136.538459,0.958298307,10.53858251,14.15082057,0.833178576,HTRA2,myplate_01--HTRA2--192--W034--P01,C:\tutorial,myplate,myplate_01,1,1,P01--HTRA2--192,192,34,W034--HTRA2--192,myplate_01--HTRA2--192--W034--P01--PM.jpg,myplate_01--HTRA2--192--W034--P01--TOTAL.jpg,myplate_01--HTRA2--192--W034--P01--DNA.jpg,C:\tutorial\myplate_01\W034--HTRA2--192\P01--HTRA2--192,C:\tutorial\myplate_01\W034--HTRA2--192\P01--HTRA2--192,C:\tutorial\myplate_01\W034--HTRA2--192\P01--HTRA2--192,HTRA2_192
158,67,35,-1.859513025,0.000295949,0.00026025,10.44080682,18.31187953,0.813729642,1291.447761,650.7164179,435.1044776,1.027200787,0.517536782,44.00649833,17.97588841,6.717744991,5.94874171,36.85863485,5.265056714,135.6584478,0.958535456,11.18768635,13.16929895,0.864078537,DBN1,myplate_01--DBN1--272--W035--P01,C:\tutorial,myplate,myplate_01,1,1,P01--DBN1--272,272,35,W035--DBN1--272,myplate_01--DBN1--272--W035--P01--PM.jpg,myplate_01--DBN1--272--W035--P01--TOTAL.jpg,myplate_01--DBN1--272--W035--P01--DNA.jpg,C:\tutorial\myplate_01\W035--DBN1--272\P01--DBN1--272,C:\tutorial\myplate_01\W035--DBN1--272\P01--DBN1--272,C:\tutorial\myplate_01\W035--DBN1--272\P01--DBN1--272,DBN1_272
163,43,36,-1.821107838,0.000341726,0.000275509,14.90633673,18.92331808,0.981327951,1297.27907,669.6976744,538.9302326,1.039979134,0.563713644,45.33131282,17.62961962,6.652989405,5.907707519,36.32818043,10.14351599,137.4992558,0.957465725,11.69294295,14.92677198,0.919407214,ERCC6,myplate_01--ERCC6--989--W036--P01,C:\tutorial,myplate,myplate_01,1,1,P01--ERCC6--989,989,36,W036--ERCC6--989,myplate_01--ERCC6--989--W036--P01--PM.jpg,myplate_01--ERCC6--989--W036--P01--TOTAL.jpg,myplate_01--ERCC6--989--W036--P01--DNA.jpg,C:\tutorial\myplate_01\W036--ERCC6--989\P01--ERCC6--989,C:\tutorial\myplate_01\W036--ERCC6--989\P01--ERCC6--989,C:\tutorial\myplate_01\W036--ERCC6--989\P01--ERCC6--989,ERCC6_989
156,65,1,-1.849399533,0.000250172,0.000214473,13.56937097,17.81216131,0.894081894,1374.384615,563.2153846,608.8,1.02736231,0.53038026,45.57885142,18.42617363,6.901894464,6.140233698,37.76809804,-4.147592278,139.8602769,0.960745848,10.86617834,14.24791333,0.759925298,SEPT7,myplate_01--SEPT7--993--W037--P01,C:\tutorial,myplate,myplate_01,1,1,P01--SEPT7--993,993,37,W037--SEPT7--993,myplate_01--SEPT7--993--W037--P01--PM.jpg,myplate_01--SEPT7--993--W037--P01--TOTAL.jpg,myplate_01--SEPT7--993--W037--P01--DNA.jpg,C:\tutorial\myplate_01\W037--SEPT7--993\P01--SEPT7--993,C:\tutorial\myplate_01\W037--SEPT7--993\P01--SEPT7--993,C:\tutorial\myplate_01\W037--SEPT7--993\P01--SEPT7--993,SEPT7_993
223,86,38,-1.75734614,0.000295949,0.000244991,9.148654899,22.31188022,0.627880384,1257.453488,704.2093023,505.9302326,1.027298697,0.524440714,43.48909095,17.81023493,6.651114252,5.915282456,36.34548384,-11.73669067,133.1951163,0.960880784,8.298993219,14.95838905,0.603446002,CAT,myplate_01--CAT--384--W038--P01,C:\tutorial,myplate,myplate_01,1,1,P01--CAT--384,384,38,W038--CAT--384,myplate_01--CAT--384--W038--P01--PM.jpg,myplate_01--CAT--384--W038--P01--TOTAL.jpg,myplate_01--CAT--384--W038--P01--DNA.jpg,C:\tutorial\myplate_01\W038--CAT--384\P01--CAT--384,C:\tutorial\myplate_01\W038--CAT--384\P01--CAT--384,C:\tutorial\myplate_01\W038--CAT--384\P01--CAT--384,CAT_384
205,93,39,-1.752311928,0.000204395,0.000153437,9.134510982,21.62212233,0.647213148,1286.430108,685.0215054,520.4731183,1.033974875,0.540783616,44.38837774,17.7238003,6.688655633,5.953792481,36.44218261,11.74909827,135.2855054,0.96013049,8.850980527,15.11770791,0.661213554,PRKCD,myplate_01--PRKCD--389--W039--P01,C:\tutorial,myplate,myplate_01,1,1,P01--PRKCD--389,389,39,W039--PRKCD--389,myplate_01--PRKCD--389--W039--P01--PM.jpg,myplate_01--PRKCD--389--W039--P01--TOTAL.jpg,myplate_01--PRKCD--389--W039--P01--DNA.jpg,C:\tutorial\myplate_01\W039--PRKCD--389\P01--PRKCD--389,C:\tutorial\myplate_01\W039--PRKCD--389\P01--PRKCD--389,C:\tutorial\myplate_01\W039--PRKCD--389\P01--PRKCD--389,PRKCD_389
165,92,40,-1.791332093,0.000219654,0.000168696,10.99864645,20.81930715,0.713353429,1411.282609,593.576087,471.1630435,1.035626894,0.539569917,46.76294785,18.52324909,6.929382033,6.16277513,38.13697655,1.325130992,143.6606304,0.955402033,9.388235437,15.33083099,0.643098193,CTNNB1,myplate_01--CTNNB1--673--W040--P01,C:\tutorial,myplate,myplate_01,1,1,P01--CTNNB1--673,673,40,W040--CTNNB1--673,myplate_01--CTNNB1--673--W040--P01--PM.jpg,myplate_01--CTNNB1--673--W040--P01--TOTAL.jpg,myplate_01--CTNNB1--673--W040--P01--DNA.jpg,C:\tutorial\myplate_01\W040--CTNNB1--673\P01--CTNNB1--673,C:\tutorial\myplate_01\W040--CTNNB1--673\P01--CTNNB1--673,C:\tutorial\myplate_01\W040--CTNNB1--673\P01--CTNNB1--673,CTNNB1_673
144,53,1,-1.808216909,0.000234913,0.000199214,11.56252161,21.02979064,0.76733528,1436.056604,591.0377358,555.4150943,1.041115628,0.563177059,47.4976739,18.45295095,6.954361791,6.201707013,38.04247839,4.725964049,143.9281509,0.959174186,9.392187006,12.90159474,0.701788049,LCK,myplate_01--LCK--295--W041--P01,C:\tutorial,myplate,myplate_01,1,1,P01--LCK--295,295,41,W041--LCK--295,myplate_01--LCK--295--W041--P01--PM.jpg,myplate_01--LCK--295--W041--P01--TOTAL.jpg,myplate_01--LCK--295--W041--P01--DNA.jpg,C:\tutorial\myplate_01\W041--LCK--295\P01--LCK--295,C:\tutorial\myplate_01\W041--LCK--295\P01--LCK--295,C:\tutorial\myplate_01\W041--LCK--295\P01--LCK--295,LCK_295
175,71,42,-1.752242711,0.000234913,0.000199214,9.511787487,19.96340855,0.634630718,1265.746479,627.7183099,430.6338028,1.028057132,0.523349745,43.710305,17.90077638,6.686297907,5.977843538,36.43092961,4.461220822,133.7594648,0.961780477,8.884672206,14.68081191,0.619442282,ZNF385B,myplate_01--ZNF385B--644--W042--P01,C:\tutorial,myplate,myplate_01,1,1,P01--ZNF385B--644,644,42,W042--ZNF385B--644,myplate_01--ZNF385B--644--W042--P01--PM.jpg,myplate_01--ZNF385B--644--W042--P01--TOTAL.jpg,myplate_01--ZNF385B--644--W042--P01--DNA.jpg,C:\tutorial\myplate_01\W042--ZNF385B--644\P01--ZNF385B--644,C:\tutorial\myplate_01\W042--ZNF385B--644\P01--ZNF385B--644,C:\tutorial\myplate_01\W042--ZNF385B--644\P01--ZNF385B--644,ZNF385B_644
219,91,43,-1.736711251,0.000189136,0.000153437,11.62070658,22.41820604,0.737870548,1325.538462,610.3626374,442.8681319,1.044347707,0.558504513,45.52185502,17.66842449,6.650203861,5.922120712,36.74154827,-2.694674914,139.1941319,0.952917249,9.643229245,15.70737754,0.714730828,HSP90AA1,myplate_01--HSP90AA1--379--W043--P01,C:\tutorial,myplate,myplate_01,1,1,P01--HSP90AA1--379,379,43,W043--HSP90AA1--379,myplate_01--HSP90AA1--379--W043--P01--PM.jpg,myplate_01--HSP90AA1--379--W043--P01--TOTAL.jpg,myplate_01--HSP90AA1--379--W043--P01--DNA.jpg,C:\tutorial\myplate_01\W043--HSP90AA1--379\P01--HSP90AA1--379,C:\tutorial\myplate_01\W043--HSP90AA1--379\P01--HSP90AA1--379,C:\tutorial\myplate_01\W043--HSP90AA1--379\P01--HSP90AA1--379,HSP90AA1_379
129,58,44,-1.84883438,0.00028069,0.000244991,13.94854646,20.27978456,0.86306177,1305.62069,844.2068966,499.5517241,1.030536503,0.530439006,44.66658166,17.91939446,6.708808414,5.954381094,36.86560156,-9.51453987,137.4404828,0.957172664,12.30906411,15.11915793,0.87728999,SLC18A2,myplate_01--SLC18A2--721--W044--P01,C:\tutorial,myplate,myplate_01,1,1,P01--SLC18A2--721,721,44,W044--SLC18A2--721,myplate_01--SLC18A2--721--W044--P01--PM.jpg,myplate_01--SLC18A2--721--W044--P01--TOTAL.jpg,myplate_01--SLC18A2--721--W044--P01--DNA.jpg,C:\tutorial\myplate_01\W044--SLC18A2--721\P01--SLC18A2--721,C:\tutorial\myplate_01\W044--SLC18A2--721\P01--SLC18A2--721,C:\tutorial\myplate_01\W044--SLC18A2--721\P01--SLC18A2--721,SLC18A2_721
84,33,45,-1.760893995,0.000295949,0.00026025,10.57641676,27.79912634,0.724097268,1232.242424,748.6969697,561.969697,1.034508648,0.521273574,43.25994628,17.38261697,6.479805425,5.772865359,35.97820858,-15.43679789,133.0090303,0.95552701,9.851621581,16.04786772,0.593649499,COPZ1,myplate_01--COPZ1--908--W045--P01,C:\tutorial,myplate,myplate_01,1,1,P01--COPZ1--908,908,45,W045--COPZ1--908,myplate_01--COPZ1--908--W045--P01--PM.jpg,myplate_01--COPZ1--908--W045--P01--TOTAL.jpg,myplate_01--COPZ1--908--W045--P01--DNA.jpg,C:\tutorial\myplate_01\W045--COPZ1--908\P01--COPZ1--908,C:\tutorial\myplate_01\W045--COPZ1--908\P01--COPZ1--908,C:\tutorial\myplate_01\W045--COPZ1--908\P01--COPZ1--908,COPZ1_908
105,43,46,-1.80087214,0.000295949,0.000244991,13.57938184,21.86337623,0.850687586,1339.395349,612.7674419,329.2790698,1.031007496,0.536514076,45.24222102,18.25988919,6.845337732,6.10634622,37.49642031,-0.073267602,139.2643256,0.958490765,12.16932981,14.26648382,0.869288035,TXN,myplate_01--TXN--738--W046--P01,C:\tutorial,myplate,myplate_01,1,1,P01--TXN--738,738,46,W046--TXN--738,myplate_01--TXN--738--W046--P01--PM.jpg,myplate_01--TXN--738--W046--P01--TOTAL.jpg,myplate_01--TXN--738--W046--P01--DNA.jpg,C:\tutorial\myplate_01\W046--TXN--738\P01--TXN--738,C:\tutorial\myplate_01\W046--TXN--738\P01--TXN--738,C:\tutorial\myplate_01\W046--TXN--738\P01--TXN--738,TXN_738
145,53,47,-1.827496405,0.000295949,0.000244991,12.31164715,20.39884829,0.794947167,1456.169811,725.6603774,533.0754717,1.026954409,0.527645336,47.02475709,19.26485688,7.14201563,6.333367455,39.1211674,2.800772997,143.8543774,0.96318528,11.64757821,14.49619325,0.787217372,ECT2,myplate_01--ECT2--582--W047--P01,C:\tutorial,myplate,myplate_01,1,1,P01--ECT2--582,582,47,W047--ECT2--582,myplate_01--ECT2--582--W047--P01--PM.jpg,myplate_01--ECT2--582--W047--P01--TOTAL.jpg,myplate_01--ECT2--582--W047--P01--DNA.jpg,C:\tutorial\myplate_01\W047--ECT2--582\P01--ECT2--582,C:\tutorial\myplate_01\W047--ECT2--582\P01--ECT2--582,C:\tutorial\myplate_01\W047--ECT2--582\P01--ECT2--582,ECT2_582
159,42,48,-1.816982523,0.00028069,0.000244991,12.27518022,20.72290398,0.80595948,1335.952381,655.8333333,472.6904762,1.03265841,0.509689695,45.04320602,18.12074226,6.765980021,5.996681832,37.51857786,-0.253116053,138.807619,0.956815405,10.67185483,15.28614504,0.805856037,CREB1,myplate_01--CREB1--517--W048--P01,C:\tutorial,myplate,myplate_01,1,1,P01--CREB1--517,517,48,W048--CREB1--517,myplate_01--CREB1--517--W048--P01--PM.jpg,myplate_01--CREB1--517--W048--P01--TOTAL.jpg,myplate_01--CREB1--517--W048--P01--DNA.jpg,C:\tutorial\myplate_01\W048--CREB1--517\P01--CREB1--517,C:\tutorial\myplate_01\W048--CREB1--517\P01--CREB1--517,C:\tutorial\myplate_01\W048--CREB1--517\P01--CREB1--517,CREB1_517
281,93,49,-1.712602222,0.001089418,0.001053719,8.864518682,18.40450149,0.669480199,1361.580645,687.3548387,462.483871,1.033729854,0.526029471,45.47004861,18.27660684,6.8680399,6.114161592,37.46019552,0.561068291,138.5653333,0.961560755,7.94862259,12.95049985,0.586529385,IGFBP2,myplate_01--IGFBP2--744--W049--P01,C:\tutorial,myplate,myplate_01,1,1,P01--IGFBP2--744,744,49,W049--IGFBP2--744,myplate_01--IGFBP2--744--W049--P01--PM.jpg,myplate_01--IGFBP2--744--W049--P01--TOTAL.jpg,myplate_01--IGFBP2--744--W049--P01--DNA.jpg,C:\tutorial\myplate_01\W049--IGFBP2--744\P01--IGFBP2--744,C:\tutorial\myplate_01\W049--IGFBP2--744\P01--IGFBP2--744,C:\tutorial\myplate_01\W049--IGFBP2--744\P01--IGFBP2--744,IGFBP2_744
284,119,50,-1.692697046,9.76E-05,6.19E-05,10.27856968,20.8331318,0.674810509,1255.512605,632.0336134,497.0756303,1.039912155,0.572831681,44.38284902,17.32044302,6.573989824,5.862953394,35.53426507,-0.788525251,134.2432773,0.958988565,9.794384614,15.26546157,0.694012993,INCENP,myplate_01--INCENP--404--W050--P01,C:\tutorial,myplate,myplate_01,1,1,P01--INCENP--404,404,50,W050--INCENP--404,myplate_01--INCENP--404--W050--P01--PM.jpg,myplate_01--INCENP--404--W050--P01--TOTAL.jpg,myplate_01--INCENP--404--W050--P01--DNA.jpg,C:\tutorial\myplate_01\W050--INCENP--404\P01--INCENP--404,C:\tutorial\myplate_01\W050--INCENP--404\P01--INCENP--404,C:\tutorial\myplate_01\W050--INCENP--404\P01--INCENP--404,INCENP_404
191,75,51,-1.729547044,0.000189136,0.000168696,10.04444841,20.55771498,0.659319934,1301.106667,631.64,525.8533333,1.032452566,0.521862292,44.16994923,17.64152179,6.626956269,5.9121681,36.56270326,-0.651758547,135.79248,0.957230643,8.429236343,13.73444725,0.662627134,CHEK2,myplate_01--CHEK2--844--W051--P01,C:\tutorial,myplate,myplate_01,1,1,P01--CHEK2--844,844,51,W051--CHEK2--844,myplate_01--CHEK2--844--W051--P01--PM.jpg,myplate_01--CHEK2--844--W051--P01--TOTAL.jpg,myplate_01--CHEK2--844--W051--P01--DNA.jpg,C:\tutorial\myplate_01\W051--CHEK2--844\P01--CHEK2--844,C:\tutorial\myplate_01\W051--CHEK2--844\P01--CHEK2--844,C:\tutorial\myplate_01\W051--CHEK2--844\P01--CHEK2--844,CHEK2_844
125,64,52,-1.852486002,0.000204395,0.000183955,9.182636504,22.97568686,0.574397503,1258.625,534.125,497.1875,1.02923423,0.522374292,43.5678877,17.74776804,6.660447657,5.908683699,36.25719244,-3.502180088,133.2230938,0.961369201,8.829221103,15.52930535,0.567881724,LIF,myplate_01--LIF--276--W052--P01,C:\tutorial,myplate,myplate_01,1,1,P01--LIF--276,276,52,W052--LIF--276,myplate_01--LIF--276--W052--P01--PM.jpg,myplate_01--LIF--276--W052--P01--TOTAL.jpg,myplate_01--LIF--276--W052--P01--DNA.jpg,C:\tutorial\myplate_01\W052--LIF--276\P01--LIF--276,C:\tutorial\myplate_01\W052--LIF--276\P01--LIF--276,C:\tutorial\myplate_01\W052--LIF--276\P01--LIF--276,LIF_276
139,75,53,-1.769248653,0.000265431,0.000229732,9.484866693,23.4810028,0.584166394,1315.6,689.1733333,498.44,1.038433748,0.543863653,45.3296041,17.84410208,6.681844589,5.963946842,36.94202588,-5.706769093,139.0490133,0.954540918,8.252185988,16.11017049,0.46814237,SPRTN,myplate_01--SPRTN--535--W053--P01,C:\tutorial,myplate,myplate_01,1,1,P01--SPRTN--535,535,53,W053--SPRTN--535,myplate_01--SPRTN--535--W053--P01--PM.jpg,myplate_01--SPRTN--535--W053--P01--TOTAL.jpg,myplate_01--SPRTN--535--W053--P01--DNA.jpg,C:\tutorial\myplate_01\W053--SPRTN--535\P01--SPRTN--535,C:\tutorial\myplate_01\W053--SPRTN--535\P01--SPRTN--535,C:\tutorial\myplate_01\W053--SPRTN--535\P01--SPRTN--535,SPRTN_535
153,58,54,-1.791845067,0.000143358,0.000122919,10.32964541,20.20864486,0.730220929,1193.431034,513.5172414,500.6724138,1.04163383,0.54805597,43.27407912,16.93440103,6.38532233,5.699998142,35.06777649,-1.19270233,132.1918621,0.954714099,10.36121938,16.13358516,0.70558169,ALDH4A1,myplate_01--ALDH4A1--854--W054--P01,C:\tutorial,myplate,myplate_01,1,1,P01--ALDH4A1--854,854,54,W054--ALDH4A1--854,myplate_01--ALDH4A1--854--W054--P01--PM.jpg,myplate_01--ALDH4A1--854--W054--P01--TOTAL.jpg,myplate_01--ALDH4A1--854--W054--P01--DNA.jpg,C:\tutorial\myplate_01\W054--ALDH4A1--854\P01--ALDH4A1--854,C:\tutorial\myplate_01\W054--ALDH4A1--854\P01--ALDH4A1--854,C:\tutorial\myplate_01\W054--ALDH4A1--854\P01--ALDH4A1--854,ALDH4A1_854
132,54,55,-1.885858051,0.000265431,0.000244991,12.7013482,21.98057827,0.778921568,1297.851852,569.4444444,466.0740741,1.024503591,0.474951539,43.73953357,18.12916609,6.762281621,6.003106061,37.26789735,1.466779745,135.1655556,0.96134835,11.41439704,16.76137937,0.7739309,LCK,myplate_01--LCK--295--W055--P01,C:\tutorial,myplate,myplate_01,1,1,P01--LCK--295,295,55,W055--LCK--295,myplate_01--LCK--295--W055--P01--PM.jpg,myplate_01--LCK--295--W055--P01--TOTAL.jpg,myplate_01--LCK--295--W055--P01--DNA.jpg,C:\tutorial\myplate_01\W055--LCK--295\P01--LCK--295,C:\tutorial\myplate_01\W055--LCK--295\P01--LCK--295,C:\tutorial\myplate_01\W055--LCK--295\P01--LCK--295,LCK_295
76,37,56,-1.820078467,0.000265431,0.000244991,13.83218739,17.93876819,0.944353246,1226.216216,806.2702703,509.2432432,1.029069963,0.508468229,43.20470546,17.56290972,6.563967498,5.820301921,36.03664574,-8.20155463,133.2104324,0.957683558,12.43349351,13.65728259,0.96823842,EXT1,myplate_01--EXT1--360--W056--P01,C:\tutorial,myplate,myplate_01,1,1,P01--EXT1--360,360,56,W056--EXT1--360,myplate_01--EXT1--360--W056--P01--PM.jpg,myplate_01--EXT1--360--W056--P01--TOTAL.jpg,myplate_01--EXT1--360--W056--P01--DNA.jpg,C:\tutorial\myplate_01\W056--EXT1--360\P01--EXT1--360,C:\tutorial\myplate_01\W056--EXT1--360\P01--EXT1--360,C:\tutorial\myplate_01\W056--EXT1--360\P01--EXT1--360,EXT1_360
61,40,57,-1.823859471,0.000295949,0.00026025,14.52558972,26.49413234,0.875408441,1315.8,642.225,458.3,1.030527144,0.52782779,44.87563966,17.97019612,6.725383179,5.955478415,37.0690686,7.451471665,137.5433,0.957382929,12.45361289,16.0757534,0.938945247,EFEMP1,myplate_01--EFEMP1--520--W057--P01,C:\tutorial,myplate,myplate_01,1,1,P01--EFEMP1--520,520,57,W057--EFEMP1--520,myplate_01--EFEMP1--520--W057--P01--PM.jpg,myplate_01--EFEMP1--520--W057--P01--TOTAL.jpg,myplate_01--EFEMP1--520--W057--P01--DNA.jpg,C:\tutorial\myplate_01\W057--EFEMP1--520\P01--EFEMP1--520,C:\tutorial\myplate_01\W057--EFEMP1--520\P01--EFEMP1--520,C:\tutorial\myplate_01\W057--EFEMP1--520\P01--EFEMP1--520,EFEMP1_520
90,24,58,-1.83630062,0.000295949,0.00026025,17.658684,21.74179904,1.128049233,1352.583333,822.625,437.0833333,1.031836609,0.544351826,45.1557466,18.14970961,6.849264562,6.120750956,37.39689448,2.57545332,138.9218333,0.960827476,14.96688829,13.20341811,1.183881065,COQ7,myplate_01--COQ7--322--W058--P01,C:\tutorial,myplate,myplate_01,1,1,P01--COQ7--322,322,58,W058--COQ7--322,myplate_01--COQ7--322--W058--P01--PM.jpg,myplate_01--COQ7--322--W058--P01--TOTAL.jpg,myplate_01--COQ7--322--W058--P01--DNA.jpg,C:\tutorial\myplate_01\W058--COQ7--322\P01--COQ7--322,C:\tutorial\myplate_01\W058--COQ7--322\P01--COQ7--322,C:\tutorial\myplate_01\W058--COQ7--322\P01--COQ7--322,COQ7_322
186,77,59,-1.83029028,0.00028069,0.000214473,12.71411087,19.9486723,0.85855042,1407.441558,647.3116883,532.2987013,1.051754322,0.597774773,47.54918491,17.9135604,6.813629606,6.09860349,37.39874233,-8.040182399,143.8616623,0.954030501,10.90460074,14.19772635,0.831597434,C1QA,myplate_01--C1QA--372--W059--P01,C:\tutorial,myplate,myplate_01,1,1,P01--C1QA--372,372,59,W059--C1QA--372,myplate_01--C1QA--372--W059--P01--PM.jpg,myplate_01--C1QA--372--W059--P01--TOTAL.jpg,myplate_01--C1QA--372--W059--P01--DNA.jpg,C:\tutorial\myplate_01\W059--C1QA--372\P01--C1QA--372,C:\tutorial\myplate_01\W059--C1QA--372\P01--C1QA--372,C:\tutorial\myplate_01\W059--C1QA--372\P01--C1QA--372,C1QA_372
164,64,60,-1.784946834,0.000265431,0.00026025,14.37808707,17.23968194,1.014563806,1275.078125,609.453125,459.015625,1.037571163,0.547306601,44.55494887,17.69000798,6.637157925,5.903138094,36.47204745,1.183511092,136.5979688,0.954975153,11.33728546,11.54588398,0.969811727,PIP,myplate_01--PIP--201--W060--P01,C:\tutorial,myplate,myplate_01,1,1,P01--PIP--201,201,60,W060--PIP--201,myplate_01--PIP--201--W060--P01--PM.jpg,myplate_01--PIP--201--W060--P01--TOTAL.jpg,myplate_01--PIP--201--W060--P01--DNA.jpg,C:\tutorial\myplate_01\W060--PIP--201\P01--PIP--201,C:\tutorial\myplate_01\W060--PIP--201\P01--PIP--201,C:\tutorial\myplate_01\W060--PIP--201\P01--PIP--201,PIP_201
250,86,61,-1.757895665,6.71E-05,7.71E-05,10.41178579,20.67105098,0.703415946,1350.790698,670.3255814,471.1744186,1.043175914,0.556803689,45.82821431,17.89086287,6.741180813,6.018828318,37.05189375,7.50027801,140.2041163,0.95619549,9.366239539,14.13987964,0.637216947,PMCDCA7,myplate_01--PMCDCA7--263B--W061--P01,C:\tutorial,myplate,myplate_01,1,1,P01--PMCDCA7--263B,263B,61,W061--PMCDCA7--263B,myplate_01--PMCDCA7--263B--W061--P01--PM.jpg,myplate_01--PMCDCA7--263B--W061--P01--TOTAL.jpg,myplate_01--PMCDCA7--263B--W061--P01--DNA.jpg,C:\tutorial\myplate_01\W061--PMCDCA7--263B\P01--PMCDCA7--263B,C:\tutorial\myplate_01\W061--PMCDCA7--263B\P01--PMCDCA7--263B,C:\tutorial\myplate_01\W061--PMCDCA7--263B\P01--PMCDCA7--263B,PMCDCA7_263B
213,91,62,-1.754351767,0.000204395,0.000183955,9.972938943,15.33045393,0.754655693,1293.692308,578.2307692,441.9450549,1.033359308,0.542743291,44.63203748,17.86234041,6.691360913,5.936768793,36.53894625,5.807564671,136.1961099,0.958130842,9.489280736,13.42029488,0.78538674,SCUBE2,myplate_01--SCUBE2--219--W062--P01,C:\tutorial,myplate,myplate_01,1,1,P01--SCUBE2--219,219,62,W062--SCUBE2--219,myplate_01--SCUBE2--219--W062--P01--PM.jpg,myplate_01--SCUBE2--219--W062--P01--TOTAL.jpg,myplate_01--SCUBE2--219--W062--P01--DNA.jpg,C:\tutorial\myplate_01\W062--SCUBE2--219\P01--SCUBE2--219,C:\tutorial\myplate_01\W062--SCUBE2--219\P01--SCUBE2--219,C:\tutorial\myplate_01\W062--SCUBE2--219\P01--SCUBE2--219,SCUBE2_219
175,77,63,-1.775816756,0.000234913,0.000214473,9.444529081,17.9152907,0.674825671,1358.493506,598.012987,435.3766234,1.024790525,0.501126554,44.92845569,18.59049455,6.916526248,6.135877718,37.9561757,-2.847276278,138.5530649,0.96143687,8.501228476,13.02522314,0.634190162,EEF1E1,myplate_01--EEF1E1--119--W063--P01,C:\tutorial,myplate,myplate_01,1,1,P01--EEF1E1--119,119,63,W063--EEF1E1--119,myplate_01--EEF1E1--119--W063--P01--PM.jpg,myplate_01--EEF1E1--119--W063--P01--TOTAL.jpg,myplate_01--EEF1E1--119--W063--P01--DNA.jpg,C:\tutorial\myplate_01\W063--EEF1E1--119\P01--EEF1E1--119,C:\tutorial\myplate_01\W063--EEF1E1--119\P01--EEF1E1--119,C:\tutorial\myplate_01\W063--EEF1E1--119\P01--EEF1E1--119,EEF1E1_119
97,46,64,-1.84236007,0.00028069,0.000244991,9.932190004,20.71816002,0.689504909,1281.630435,675.9782609,549.4130435,1.028110899,0.511091176,43.80370442,18.03552837,6.717277186,5.963560389,36.68666817,-15.26455746,134.6903043,0.961785228,9.255810014,16.25319296,0.668375086,XPA,myplate_01--XPA--765--W064--P01,C:\tutorial,myplate,myplate_01,1,1,P01--XPA--765,765,64,W064--XPA--765,myplate_01--XPA--765--W064--P01--PM.jpg,myplate_01--XPA--765--W064--P01--TOTAL.jpg,myplate_01--XPA--765--W064--P01--DNA.jpg,C:\tutorial\myplate_01\W064--XPA--765\P01--XPA--765,C:\tutorial\myplate_01\W064--XPA--765\P01--XPA--765,C:\tutorial\myplate_01\W064--XPA--765\P01--XPA--765,XPA_765
131,58,65,-1.807975236,0.000250172,0.000214473,11.30050669,20.92515802,0.708865962,1357.396552,605.2758621,497.7586207,1.034894549,0.533297836,45.63913793,18.24717505,6.842728011,6.060789564,37.5114242,7.862352269,140.1103448,0.958434892,9.739360666,17.24087904,0.633973433,COPB1,myplate_01--COPB1--736--W065--P01,C:\tutorial,myplate,myplate_01,1,1,P01--COPB1--736,736,65,W065--COPB1--736,myplate_01--COPB1--736--W065--P01--PM.jpg,myplate_01--COPB1--736--W065--P01--TOTAL.jpg,myplate_01--COPB1--736--W065--P01--DNA.jpg,C:\tutorial\myplate_01\W065--COPB1--736\P01--COPB1--736,C:\tutorial\myplate_01\W065--COPB1--736\P01--COPB1--736,C:\tutorial\myplate_01\W065--COPB1--736\P01--COPB1--736,COPB1_736
212,79,66,-1.742425466,0.000204395,0.000183955,9.719008676,19.99488737,0.649743802,1414.316456,671.0126582,524.4936709,1.032940711,0.54763558,46.61405863,18.4632596,6.923570491,6.157117945,38.01024427,-4.227948156,142.4309114,0.95933446,8.330098574,14.78809823,0.697216656,GSTM3,myplate_01--GSTM3--645--W066--P01,C:\tutorial,myplate,myplate_01,1,1,P01--GSTM3--645,645,66,W066--GSTM3--645,myplate_01--GSTM3--645--W066--P01--PM.jpg,myplate_01--GSTM3--645--W066--P01--TOTAL.jpg,myplate_01--GSTM3--645--W066--P01--DNA.jpg,C:\tutorial\myplate_01\W066--GSTM3--645\P01--GSTM3--645,C:\tutorial\myplate_01\W066--GSTM3--645\P01--GSTM3--645,C:\tutorial\myplate_01\W066--GSTM3--645\P01--GSTM3--645,GSTM3_645
130,45,67,-1.800840528,0.000265431,0.000229732,13.52785095,17.04552176,0.881077927,1326.577778,614.2444444,504.5333333,1.033170652,0.532647049,45.04897348,18.19292461,6.820830507,6.054433758,37.09671289,4.191016976,137.5611111,0.962521852,12.05101081,13.84809678,0.860386862,MS4A7,myplate_01--MS4A7--688--W067--P01,C:\tutorial,myplate,myplate_01,1,1,P01--MS4A7--688,688,67,W067--MS4A7--688,myplate_01--MS4A7--688--W067--P01--PM.jpg,myplate_01--MS4A7--688--W067--P01--TOTAL.jpg,myplate_01--MS4A7--688--W067--P01--DNA.jpg,C:\tutorial\myplate_01\W067--MS4A7--688\P01--MS4A7--688,C:\tutorial\myplate_01\W067--MS4A7--688\P01--MS4A7--688,C:\tutorial\myplate_01\W067--MS4A7--688\P01--MS4A7--688,MS4A7_688
138,53,68,-1.82271369,0.000250172,0.000199214,12.93976395,23.68191225,0.781108922,1241.867925,531.3962264,496.0566038,1.037350101,0.539712958,43.84131439,17.27553905,6.520146699,5.77340649,35.5601965,-1.915361375,133.1843019,0.95681947,12.03704877,18.04855439,0.887620199,FBXO31,myplate_01--FBXO31--233--W068--P01,C:\tutorial,myplate,myplate_01,1,1,P01--FBXO31--233,233,68,W068--FBXO31--233,myplate_01--FBXO31--233--W068--P01--PM.jpg,myplate_01--FBXO31--233--W068--P01--TOTAL.jpg,myplate_01--FBXO31--233--W068--P01--DNA.jpg,C:\tutorial\myplate_01\W068--FBXO31--233\P01--FBXO31--233,C:\tutorial\myplate_01\W068--FBXO31--233\P01--FBXO31--233,C:\tutorial\myplate_01\W068--FBXO31--233\P01--FBXO31--233,FBXO31_233
99,49,69,-1.844035996,0.000234913,0.000214473,12.56872491,21.62646513,0.869951181,1333.102041,697.6938776,496.7959184,1.032356295,0.548145286,45.21602936,18.14211597,6.820776475,6.044970492,37.0290258,-2.371698576,137.9237959,0.961786935,12.81591477,14.8224461,0.861978585,IL2,myplate_01--IL2--508--W069--P01,C:\tutorial,myplate,myplate_01,1,1,P01--IL2--508,508,69,W069--IL2--508,myplate_01--IL2--508--W069--P01--PM.jpg,myplate_01--IL2--508--W069--P01--TOTAL.jpg,myplate_01--IL2--508--W069--P01--DNA.jpg,C:\tutorial\myplate_01\W069--IL2--508\P01--IL2--508,C:\tutorial\myplate_01\W069--IL2--508\P01--IL2--508,C:\tutorial\myplate_01\W069--IL2--508\P01--IL2--508,IL2_508
123,45,70,-2.118639531,0.00028069,0.000275509,13.57201066,22.96730911,0.789181788,1412.088889,662.8888889,556.7111111,1.04417135,0.570834535,47.25167287,18.19657039,6.860113029,6.153645398,37.59965941,9.789703431,143.7204444,0.957922327,12.3045549,16.56202019,0.77214525,XRCC6,myplate_01--XRCC6--364--W070--P01,C:\tutorial,myplate,myplate_01,1,1,P01--XRCC6--364,364,70,W070--XRCC6--364,myplate_01--XRCC6--364--W070--P01--PM.jpg,myplate_01--XRCC6--364--W070--P01--TOTAL.jpg,myplate_01--XRCC6--364--W070--P01--DNA.jpg,C:\tutorial\myplate_01\W070--XRCC6--364\P01--XRCC6--364,C:\tutorial\myplate_01\W070--XRCC6--364\P01--XRCC6--364,C:\tutorial\myplate_01\W070--XRCC6--364\P01--XRCC6--364,XRCC6_364
164,58,71,-1.84463524,0.000265431,0.000229732,11.18157053,16.95091364,0.836075876,1226.517241,655.9137931,436.1034483,1.026315615,0.524942798,42.98184254,17.69095911,6.598580599,5.843754621,36.11735743,10.82663186,132.4569655,0.958358402,11.07019152,13.60151855,0.842472406,FOXO3,myplate_01--FOXO3--530--W071--P01,C:\tutorial,myplate,myplate_01,1,1,P01--FOXO3--530,530,71,W071--FOXO3--530,myplate_01--FOXO3--530--W071--P01--PM.jpg,myplate_01--FOXO3--530--W071--P01--TOTAL.jpg,myplate_01--FOXO3--530--W071--P01--DNA.jpg,C:\tutorial\myplate_01\W071--FOXO3--530\P01--FOXO3--530,C:\tutorial\myplate_01\W071--FOXO3--530\P01--FOXO3--530,C:\tutorial\myplate_01\W071--FOXO3--530\P01--FOXO3--530,FOXO3_530
98,34,72,-1.799863107,0.000250172,0.000183955,15.32610133,30.18118717,0.762502686,1448,450.3823529,549.2941176,1.024638351,0.509794091,46.36880346,19.05257371,7.091414508,6.277320069,39.1544451,-16.00023218,142.8852353,0.962813334,13.56717794,23.435798,0.715419112,CHEK2,myplate_01--CHEK2--844--W072--P01,C:\tutorial,myplate,myplate_01,1,1,P01--CHEK2--844,844,72,W072--CHEK2--844,myplate_01--CHEK2--844--W072--P01--PM.jpg,myplate_01--CHEK2--844--W072--P01--TOTAL.jpg,myplate_01--CHEK2--844--W072--P01--DNA.jpg,C:\tutorial\myplate_01\W072--CHEK2--844\P01--CHEK2--844,C:\tutorial\myplate_01\W072--CHEK2--844\P01--CHEK2--844,C:\tutorial\myplate_01\W072--CHEK2--844\P01--CHEK2--844,CHEK2_844
216,102,73,-1.741285512,0.000189136,0.000153437,9.966544881,20.79271144,0.618279288,1355.245098,688.3921569,499.5196078,1.025603322,0.512491282,44.95466854,18.50394483,6.895257976,6.12655483,37.85470582,0.083343281,138.5754706,0.961395342,9.12038632,15.67969005,0.610114361,PTK2B,myplate_01--PTK2B--454--W073--P01,C:\tutorial,myplate,myplate_01,1,1,P01--PTK2B--454,454,73,W073--PTK2B--454,myplate_01--PTK2B--454--W073--P01--PM.jpg,myplate_01--PTK2B--454--W073--P01--TOTAL.jpg,myplate_01--PTK2B--454--W073--P01--DNA.jpg,C:\tutorial\myplate_01\W073--PTK2B--454\P01--PTK2B--454,C:\tutorial\myplate_01\W073--PTK2B--454\P01--PTK2B--454,C:\tutorial\myplate_01\W073--PTK2B--454\P01--PTK2B--454,PTK2B_454
206,99,74,-1.725008702,0.000204395,0.000183955,9.993646123,19.63826433,0.695351455,1213.737374,670.5959596,489.6767677,1.027693628,0.511081171,42.70877998,17.44821583,6.539496517,5.813492541,35.80139113,1.1220152,131.4634343,0.960374514,8.571465767,13.98225427,0.657794719,TAF1,myplate_01--TAF1--689--W074--P01,C:\tutorial,myplate,myplate_01,1,1,P01--TAF1--689,689,74,W074--TAF1--689,myplate_01--TAF1--689--W074--P01--PM.jpg,myplate_01--TAF1--689--W074--P01--TOTAL.jpg,myplate_01--TAF1--689--W074--P01--DNA.jpg,C:\tutorial\myplate_01\W074--TAF1--689\P01--TAF1--689,C:\tutorial\myplate_01\W074--TAF1--689\P01--TAF1--689,C:\tutorial\myplate_01\W074--TAF1--689\P01--TAF1--689,TAF1_689
135,55,75,-1.783427354,0.000219654,0.000199214,11.29132501,20.54314614,0.710876915,1408.872727,581.7090909,427.5818182,1.034429206,0.547799633,46.82572012,18.60301731,6.944833863,6.158136476,38.04700591,4.805765668,143.4286182,0.957141548,10.4119328,16.62876343,0.684756992,RAB6B,myplate_01--RAB6B--846--W075--P01,C:\tutorial,myplate,myplate_01,1,1,P01--RAB6B--846,846,75,W075--RAB6B--846,myplate_01--RAB6B--846--W075--P01--PM.jpg,myplate_01--RAB6B--846--W075--P01--TOTAL.jpg,myplate_01--RAB6B--846--W075--P01--DNA.jpg,C:\tutorial\myplate_01\W075--RAB6B--846\P01--RAB6B--846,C:\tutorial\myplate_01\W075--RAB6B--846\P01--RAB6B--846,C:\tutorial\myplate_01\W075--RAB6B--846\P01--RAB6B--846,RAB6B_846
58,27,76,-1.885994057,0.00028069,0.00026025,10.77069428,15.9509056,0.761204463,1179.740741,687.4074074,559.4074074,1.040638411,0.505175794,42.69243472,16.9716108,6.335775606,5.635226704,35.5765794,2.032591292,132.4678519,0.949982584,9.803387565,13.97828654,0.638741528,CD4,myplate_01--CD4--320--W076--P01,C:\tutorial,myplate,myplate_01,1,1,P01--CD4--320,320,76,W076--CD4--320,myplate_01--CD4--320--W076--P01--PM.jpg,myplate_01--CD4--320--W076--P01--TOTAL.jpg,myplate_01--CD4--320--W076--P01--DNA.jpg,C:\tutorial\myplate_01\W076--CD4--320\P01--CD4--320,C:\tutorial\myplate_01\W076--CD4--320\P01--CD4--320,C:\tutorial\myplate_01\W076--CD4--320\P01--CD4--320,CD4_320
55,13,77,-1.866384757,0.000265431,0.000244991,11.285818,26.96233256,0.604308954,1403.692308,576.7692308,543.6923077,1.050983407,0.584041998,47.07202293,17.88034809,6.762529136,6.018504303,37.13269589,-16.05026252,143.9130769,0.95195265,9.079041859,21.29242379,0.545709,PIK3CB,myplate_01--PIK3CB--422--W077--P01,C:\tutorial,myplate,myplate_01,1,1,P01--PIK3CB--422,422,77,W077--PIK3CB--422,myplate_01--PIK3CB--422--W077--P01--PM.jpg,myplate_01--PIK3CB--422--W077--P01--TOTAL.jpg,myplate_01--PIK3CB--422--W077--P01--DNA.jpg,C:\tutorial\myplate_01\W077--PIK3CB--422\P01--PIK3CB--422,C:\tutorial\myplate_01\W077--PIK3CB--422\P01--PIK3CB--422,C:\tutorial\myplate_01\W077--PIK3CB--422\P01--PIK3CB--422,PIK3CB_422
89,40,78,-1.847972575,0.000250172,0.000229732,7.872957299,16.62123286,0.618026239,1336.475,601.225,474.275,1.034900365,0.551492233,45.01139441,17.89398055,6.739308585,5.997985483,37.20412749,7.786589141,139.9178,0.957406442,6.739849038,11.74598331,0.627568004,TP53,myplate_01--TP53--840--W078--P01,C:\tutorial,myplate,myplate_01,1,1,P01--TP53--840,840,78,W078--TP53--840,myplate_01--TP53--840--W078--P01--PM.jpg,myplate_01--TP53--840--W078--P01--TOTAL.jpg,myplate_01--TP53--840--W078--P01--DNA.jpg,C:\tutorial\myplate_01\W078--TP53--840\P01--TP53--840,C:\tutorial\myplate_01\W078--TP53--840\P01--TP53--840,C:\tutorial\myplate_01\W078--TP53--840\P01--TP53--840,TP53_840
99,42,79,-1.790141976,0.000250172,0.000229732,12.49831997,18.31412766,0.856732783,1269.642857,577.8571429,485.5714286,1.041023138,0.558162452,44.57762547,17.48565968,6.592652604,5.879679375,35.84019601,11.85974438,135.4004762,0.957942951,12.05433746,14.11500758,0.812555615,UCHL5,myplate_01--UCHL5--754--W079--P01,C:\tutorial,myplate,myplate_01,1,1,P01--UCHL5--754,754,79,W079--UCHL5--754,myplate_01--UCHL5--754--W079--P01--PM.jpg,myplate_01--UCHL5--754--W079--P01--TOTAL.jpg,myplate_01--UCHL5--754--W079--P01--DNA.jpg,C:\tutorial\myplate_01\W079--UCHL5--754\P01--UCHL5--754,C:\tutorial\myplate_01\W079--UCHL5--754\P01--UCHL5--754,C:\tutorial\myplate_01\W079--UCHL5--754\P01--UCHL5--754,UCHL5_754
120,69,80,-1.790007598,0.000265431,0.000214473,9.006912423,18.40363614,0.681520969,1328.449275,681.9130435,560.2898551,1.021935757,0.483686829,44.52777276,18.61068159,6.860452045,6.083258444,37.86452742,-7.504829689,137.5591304,0.960550659,8.522270592,14.20035103,0.563033734,CDKN2A,myplate_01--CDKN2A--168--W080--P01,C:\tutorial,myplate,myplate_01,1,1,P01--CDKN2A--168,168,80,W080--CDKN2A--168,myplate_01--CDKN2A--168--W080--P01--PM.jpg,myplate_01--CDKN2A--168--W080--P01--TOTAL.jpg,myplate_01--CDKN2A--168--W080--P01--DNA.jpg,C:\tutorial\myplate_01\W080--CDKN2A--168\P01--CDKN2A--168,C:\tutorial\myplate_01\W080--CDKN2A--168\P01--CDKN2A--168,C:\tutorial\myplate_01\W080--CDKN2A--168\P01--CDKN2A--168,CDKN2A_168
118,46,81,-1.894479079,0.000250172,0.000229732,13.38256975,16.60120153,0.986477157,1366.130435,657.0217391,431.8043478,1.023761308,0.487457348,45.0229076,18.71657591,6.923404429,6.133333434,38.23066784,-6.402128211,139.052913,0.961583443,13.17413581,12.26442385,1.051932324,empty,myplate_01--empty--empty--W081--P01,C:\tutorial,myplate,myplate_01,1,1,P01--empty--empty,empty,81,W081--empty--empty,myplate_01--empty--empty--W081--P01--PM.jpg,myplate_01--empty--empty--W081--P01--TOTAL.jpg,myplate_01--empty--empty--W081--P01--DNA.jpg,C:\tutorial\myplate_01\W081--empty--empty\P01--empty--empty,C:\tutorial\myplate_01\W081--empty--empty\P01--empty--empty,C:\tutorial\myplate_01\W081--empty--empty\P01--empty--empty,empty_empty
74,33,82,-1.998916838,0.000265431,0.000244991,15.94851604,20.42277447,1.051786553,1391.969697,534.7272727,512.7878788,1.027799628,0.546607526,46.00468029,18.58698518,6.94852115,6.149581952,37.96831496,9.947770876,141.1709091,0.959662035,13.75648113,14.56997032,0.995754068,empty,myplate_01--empty--empty--W082--P01,C:\tutorial,myplate,myplate_01,1,1,P01--empty--empty,empty,82,W082--empty--empty,myplate_01--empty--empty--W082--P01--PM.jpg,myplate_01--empty--empty--W082--P01--TOTAL.jpg,myplate_01--empty--empty--W082--P01--DNA.jpg,C:\tutorial\myplate_01\W082--empty--empty\P01--empty--empty,C:\tutorial\myplate_01\W082--empty--empty\P01--empty--empty,C:\tutorial\myplate_01\W082--empty--empty\P01--empty--empty,empty_empty
170,62,83,-1.802959953,0.000250172,0.000183955,12.31992135,20.3509585,0.83203013,1326.596774,584.9193548,437.5,1.031097623,0.531975744,44.9011977,18.05735615,6.749437325,5.975090598,37.24913893,2.014997325,138.8090645,0.955262213,10.76068506,13.99780305,0.825197127,NFE2L2,myplate_01--NFE2L2--940--W083--P01,C:\tutorial,myplate,myplate_01,1,1,P01--NFE2L2--940,940,83,W083--NFE2L2--940,myplate_01--NFE2L2--940--W083--P01--PM.jpg,myplate_01--NFE2L2--940--W083--P01--TOTAL.jpg,myplate_01--NFE2L2--940--W083--P01--DNA.jpg,C:\tutorial\myplate_01\W083--NFE2L2--940\P01--NFE2L2--940,C:\tutorial\myplate_01\W083--NFE2L2--940\P01--NFE2L2--940,C:\tutorial\myplate_01\W083--NFE2L2--940\P01--NFE2L2--940,NFE2L2_940
146,59,84,-1.791828491,0.000341726,0.000275509,11.98867135,22.03156216,0.866033554,1365.118644,785.1355932,460.0847458,1.038944113,0.538549002,46.10985353,18.19845134,6.806172858,6.065619663,37.50629494,12.46601066,140.7305085,0.954854877,13.21264962,13.85360479,0.888529134,CHEK2,myplate_01--CHEK2--844--W084--P01,C:\tutorial,myplate,myplate_01,1,1,P01--CHEK2--844,844,84,W084--CHEK2--844,myplate_01--CHEK2--844--W084--P01--PM.jpg,myplate_01--CHEK2--844--W084--P01--TOTAL.jpg,myplate_01--CHEK2--844--W084--P01--DNA.jpg,C:\tutorial\myplate_01\W084--CHEK2--844\P01--CHEK2--844,C:\tutorial\myplate_01\W084--CHEK2--844\P01--CHEK2--844,C:\tutorial\myplate_01\W084--CHEK2--844\P01--CHEK2--844,CHEK2_844
248,103,85,-1.735800898,0.00011284,6.19E-05,10.169003,20.2728106,0.640094456,1351.281553,598.1456311,516.8932039,1.033506432,0.543171093,45.54403104,18.04132956,6.789987328,6.040476288,37.25429212,-8.841338805,139.4070291,0.957429858,9.36427862,15.75713776,0.626997182,DHX58,myplate_01--DHX58--495--W085--P01,C:\tutorial,myplate,myplate_01,1,1,P01--DHX58--495,495,85,W085--DHX58--495,myplate_01--DHX58--495--W085--P01--PM.jpg,myplate_01--DHX58--495--W085--P01--TOTAL.jpg,myplate_01--DHX58--495--W085--P01--DNA.jpg,C:\tutorial\myplate_01\W085--DHX58--495\P01--DHX58--495,C:\tutorial\myplate_01\W085--DHX58--495\P01--DHX58--495,C:\tutorial\myplate_01\W085--DHX58--495\P01--DHX58--495,DHX58_495
219,80,86,-1.743543163,0.000219654,0.000199214,10.16429541,20.79205018,0.703793194,1308.925,581.5875,533.975,1.030272286,0.505204414,44.48725957,17.98779783,6.694103174,5.93615891,37.14596103,-2.073615063,137.162,0.956124914,9.451316215,15.96206629,0.722449698,scrambled,myplate_01--scrambled--control--W086--P01,C:\tutorial,myplate,myplate_01,1,1,P01--scrambled--control,control,86,W086--scrambled--control,myplate_01--scrambled--control--W086--P01--PM.jpg,myplate_01--scrambled--control--W086--P01--TOTAL.jpg,myplate_01--scrambled--control--W086--P01--DNA.jpg,C:\tutorial\myplate_01\W086--scrambled--control\P01--scrambled--control,C:\tutorial\myplate_01\W086--scrambled--control\P01--scrambled--control,C:\tutorial\myplate_01\W086--scrambled--control\P01--scrambled--control,scrambled_control
152,53,87,-1.809978542,0.000234913,0.000214473,11.9020784,23.35895101,0.682542848,1378.339623,642.4716981,389.509434,1.031832415,0.537395514,45.73976409,18.3164014,6.87265779,6.08763876,37.5096342,-15.4862912,139.741434,0.96095331,9.745326841,14.92199589,0.626677736,NRG1,myplate_01--NRG1--684--W087--P01,C:\tutorial,myplate,myplate_01,1,1,P01--NRG1--684,684,87,W087--NRG1--684,myplate_01--NRG1--684--W087--P01--PM.jpg,myplate_01--NRG1--684--W087--P01--TOTAL.jpg,myplate_01--NRG1--684--W087--P01--DNA.jpg,C:\tutorial\myplate_01\W087--NRG1--684\P01--NRG1--684,C:\tutorial\myplate_01\W087--NRG1--684\P01--NRG1--684,C:\tutorial\myplate_01\W087--NRG1--684\P01--NRG1--684,NRG1_684
127,29,88,-1.834272938,0.000234913,0.000229732,10.90905081,18.2586513,0.764280396,1268.344828,771.9310345,465.3103448,1.053466819,0.607315801,45.33010133,17.12611515,6.543751378,5.851921055,35.22381819,-0.851310264,136.3982069,0.955414667,9.176455232,14.47502901,0.652618865,POLA1,myplate_01--POLA1--992--W088--P01,C:\tutorial,myplate,myplate_01,1,1,P01--POLA1--992,992,88,W088--POLA1--992,myplate_01--POLA1--992--W088--P01--PM.jpg,myplate_01--POLA1--992--W088--P01--TOTAL.jpg,myplate_01--POLA1--992--W088--P01--DNA.jpg,C:\tutorial\myplate_01\W088--POLA1--992\P01--POLA1--992,C:\tutorial\myplate_01\W088--POLA1--992\P01--POLA1--992,C:\tutorial\myplate_01\W088--POLA1--992\P01--POLA1--992,POLA1_992
82,28,89,-1.857649772,0.000311208,0.000275509,10.81953109,21.41006171,0.661089851,1406.75,765.2142857,641,1.028327284,0.492674113,45.66292245,18.35228481,6.871589923,6.130821664,38.78704712,7.988398482,142.8851429,0.95508094,9.900244177,15.42606229,0.651383361,BUB1B,myplate_01--BUB1B--862--W089--P01,C:\tutorial,myplate,myplate_01,1,1,P01--BUB1B--862,862,89,W089--BUB1B--862,myplate_01--BUB1B--862--W089--P01--PM.jpg,myplate_01--BUB1B--862--W089--P01--TOTAL.jpg,myplate_01--BUB1B--862--W089--P01--DNA.jpg,C:\tutorial\myplate_01\W089--BUB1B--862\P01--BUB1B--862,C:\tutorial\myplate_01\W089--BUB1B--862\P01--BUB1B--862,C:\tutorial\myplate_01\W089--BUB1B--862\P01--BUB1B--862,BUB1B_862
97,38,90,-2.239158454,0.000204395,0.000244991,9.614060846,19.25597588,0.683450056,1314.342105,718.8684211,440.0526316,1.039549427,0.55788547,44.90227725,17.54253685,6.624678346,5.925510953,36.15887757,-11.26994439,136.8508421,0.954799134,9.1036545,13.78006435,0.754862728,CCR5,myplate_01--CCR5--488--W090--P01,C:\tutorial,myplate,myplate_01,1,1,P01--CCR5--488,488,90,W090--CCR5--488,myplate_01--CCR5--488--W090--P01--PM.jpg,myplate_01--CCR5--488--W090--P01--TOTAL.jpg,myplate_01--CCR5--488--W090--P01--DNA.jpg,C:\tutorial\myplate_01\W090--CCR5--488\P01--CCR5--488,C:\tutorial\myplate_01\W090--CCR5--488\P01--CCR5--488,C:\tutorial\myplate_01\W090--CCR5--488\P01--CCR5--488,CCR5_488
110,23,91,-1.858247315,0.000234913,0.000214473,13.01944494,18.19858299,0.928553526,1426.434783,575.6086957,538.9130435,1.026237584,0.513370754,45.94138665,18.94437765,7.057165361,6.27917199,38.93645,-16.09327927,142.4806087,0.958976275,11.64036014,12.11554131,1.012714898,ERCC3,myplate_01--ERCC3--237--W091--P01,C:\tutorial,myplate,myplate_01,1,1,P01--ERCC3--237,237,91,W091--ERCC3--237,myplate_01--ERCC3--237--W091--P01--PM.jpg,myplate_01--ERCC3--237--W091--P01--TOTAL.jpg,myplate_01--ERCC3--237--W091--P01--DNA.jpg,C:\tutorial\myplate_01\W091--ERCC3--237\P01--ERCC3--237,C:\tutorial\myplate_01\W091--ERCC3--237\P01--ERCC3--237,C:\tutorial\myplate_01\W091--ERCC3--237\P01--ERCC3--237,ERCC3_237
110,57,92,-1.866132801,0.00028069,0.000229732,10.25752985,22.22719999,0.64447681,1401.561404,783.6842105,539.3508772,1.027112883,0.518154239,45.90894504,18.88404621,7.048804675,6.27064072,38.49444919,5.113524978,140.7881404,0.963240886,9.181643428,17.85180483,0.606907202,NFKB1,myplate_01--NFKB1--356--W092--P01,C:\tutorial,myplate,myplate_01,1,1,P01--NFKB1--356,356,92,W092--NFKB1--356,myplate_01--NFKB1--356--W092--P01--PM.jpg,myplate_01--NFKB1--356--W092--P01--TOTAL.jpg,myplate_01--NFKB1--356--W092--P01--DNA.jpg,C:\tutorial\myplate_01\W092--NFKB1--356\P01--NFKB1--356,C:\tutorial\myplate_01\W092--NFKB1--356\P01--NFKB1--356,C:\tutorial\myplate_01\W092--NFKB1--356\P01--NFKB1--356,NFKB1_356
76,32,93,-1.831957259,0.000265431,0.000244991,11.36695859,22.79438824,0.775230027,1403.8125,465.8125,614.6875,1.031779534,0.530930156,46.50347085,18.72270664,6.964881031,6.173273192,38.43750302,-14.10010456,143.0769375,0.955716917,10.78542778,14.63401265,0.82654186,ORC6,myplate_01--ORC6--165--W093--P01,C:\tutorial,myplate,myplate_01,1,1,P01--ORC6--165,165,93,W093--ORC6--165,myplate_01--ORC6--165--W093--P01--PM.jpg,myplate_01--ORC6--165--W093--P01--TOTAL.jpg,myplate_01--ORC6--165--W093--P01--DNA.jpg,C:\tutorial\myplate_01\W093--ORC6--165\P01--ORC6--165,C:\tutorial\myplate_01\W093--ORC6--165\P01--ORC6--165,C:\tutorial\myplate_01\W093--ORC6--165\P01--ORC6--165,ORC6_165
79,19,94,-1.943839137,0.000326467,0.000275509,13.903738,19.44298381,0.949634705,1378.421053,603.7894737,509.5263158,1.038391653,0.56548525,46.65235694,18.28285854,6.886094942,6.099170838,37.57913404,-14.79009305,141.592,0.957422432,13.76113525,19.99864168,0.973602388,PIP,myplate_01--PIP--201--W094--P01,C:\tutorial,myplate,myplate_01,1,1,P01--PIP--201,201,94,W094--PIP--201,myplate_01--PIP--201--W094--P01--PM.jpg,myplate_01--PIP--201--W094--P01--TOTAL.jpg,myplate_01--PIP--201--W094--P01--DNA.jpg,C:\tutorial\myplate_01\W094--PIP--201\P01--PIP--201,C:\tutorial\myplate_01\W094--PIP--201\P01--PIP--201,C:\tutorial\myplate_01\W094--PIP--201\P01--PIP--201,PIP_201
114,44,95,-1.809343133,0.00028069,0.000244991,12.16865356,19.08859478,0.952964568,1369.295455,763.6136364,551.4772727,1.024255637,0.515037328,45.5507635,18.71290146,6.970733887,6.168931628,38.2555683,-0.89167958,139.7089545,0.962341801,12.42798534,12.7135732,1.124830458,TSPYL5,myplate_01--TSPYL5--791--W095--P01,C:\tutorial,myplate,myplate_01,1,1,P01--TSPYL5--791,791,95,W095--TSPYL5--791,myplate_01--TSPYL5--791--W095--P01--PM.jpg,myplate_01--TSPYL5--791--W095--P01--TOTAL.jpg,myplate_01--TSPYL5--791--W095--P01--DNA.jpg,C:\tutorial\myplate_01\W095--TSPYL5--791\P01--TSPYL5--791,C:\tutorial\myplate_01\W095--TSPYL5--791\P01--TSPYL5--791,C:\tutorial\myplate_01\W095--TSPYL5--791\P01--TSPYL5--791,TSPYL5_791
166,57,96,-1.823297246,0.000295949,0.00026025,12.16332059,17.49617106,0.916217196,1345.280702,652.122807,530.4210526,1.024393091,0.498484913,44.61577839,18.4615655,6.855879847,6.087489708,37.78798758,5.586632294,138.222386,0.959464339,11.30798851,13.47145798,0.957228815,empty,myplate_01--empty--empty--W096--P01,C:\tutorial,myplate,myplate_01,1,1,P01--empty--empty,empty,96,W096--empty--empty,myplate_01--empty--empty--W096--P01--PM.jpg,myplate_01--empty--empty--W096--P01--TOTAL.jpg,myplate_01--empty--empty--W096--P01--DNA.jpg,C:\tutorial\myplate_01\W096--empty--empty\P01--empty--empty,C:\tutorial\myplate_01\W096--empty--empty\P01--empty--empty,C:\tutorial\myplate_01\W096--empty--empty\P01--empty--empty,empty_empty
